"","logFC","AveExpr","t","P.Value","adj.P.Val","B","pval"
"218314_s_at",1.14657591726827,5.97690694235037,6.82299259131075,1.99145510464789e-06,0.00797208487131402,5.06214486697904,5.09530078384895e-05
"213001_at",1.4619886653573,9.26437064017489,-4.99406623670451,8.9483432601188e-05,0.0147458083280668,1.58268686076055,0.000742964192567865
"208789_at",-1.05725986313139,9.79550826577698,-4.920546529494,0.000105116819940421,0.0157202556961906,1.43354204290534,0.0114029672465151
"205653_at",-1.06643207824464,6.69136596544244,-4.64856656376337,0.000191485427667179,0.0189159202554783,0.8773440084285,0.0032530996648611
"212419_at",-1.05245560676939,8.92082703535979,-4.42827581881762,0.000312495196537265,0.0215304846928411,0.422584479380415,0.00139743282290376
"210260_s_at",-1.32843896795853,5.69884391708533,-4.28886790456618,0.000426663029426262,0.0232657132151536,0.133339175147596,0.00153296352232541
"213816_s_at",-1.52211397687262,4.95970237760167,4.14481333315011,0.000589139865777647,0.0261380126358235,-0.166346729341184,0.00320244512211661
"201717_at",-1.5150064927251,8.38654068413882,4.03716563801301,0.000750092937332584,0.0285227319497986,-0.39060128730489,0.00996188611760273
"204840_s_at",-2.00532870973716,3.91277240710837,-3.95745920277018,0.000897108358699631,0.0310407850262483,-0.556705012950003,0.000249321000377943
"209200_at",-2.87323234105828,6.80370623373089,-3.95631107728364,0.000899424655151596,0.0310726815360357,-0.55909757556306,7.70694002368346e-05
"202559_x_at",1.12832671963261,8.20988899118048,3.93952448481765,0.000933983026712925,0.0316091221301812,-0.59407797269172,0.00344128706522707
"203698_s_at",2.23576340166506,5.31243073403301,-3.93912958866752,0.000934811806479801,0.0316091221301812,-0.594900844443869,0.000985818369537885
"200944_s_at",-1.07092382902981,9.83855232010194,3.93257435353178,0.00094867752124094,0.0317885431666344,-0.608560238114386,0.000161848382602519
"212757_s_at",-1.6493397069506,7.53656046647093,-3.9244231914644,0.000966206482988596,0.0321787701564647,-0.625544573999179,0.000166603239196608
"203565_s_at",-1.02973845655824,5.98699449584474,3.9167153342179,0.000983080237822013,0.0323922624363484,-0.641604575861897,0.0490255813423684
"221276_s_at",-1.37099933309127,4.86858906320695,-3.7724145566019,0.00135939040441972,0.0383920106231746,-0.942061798568222,3.95211957467219e-05
"213592_at",-1.22808335514519,7.97034645072032,-3.72680270048564,0.00150596676263475,0.0405221380273144,-1.03690486365159,0.00334586848720418
"201301_s_at",1.12930774663208,9.27621500193875,3.72633303059401,0.00150755519564886,0.0405221380273144,-1.03788103635583,0.00150755519564886
"212344_at",1.12918833149699,7.58837801014843,-3.72547883223516,0.00151044838931157,0.0405509897096743,-1.03965639755532,0.00266684866349443
"213707_s_at",-1.12903886902131,6.38959718915228,3.7099190694134,0.00156412788534062,0.0409078188603816,-1.07199010609415,0.017619076000583
"203747_at",1.623042422231,6.54172439263067,3.66649956629754,0.00172417067064443,0.0431681966898538,-1.16215643901247,6.31724753625838e-05
"206920_s_at",1.66446738294019,6.76624125329391,3.66427172214389,0.00173280805090382,0.0433104973217292,-1.16678024969785,4.20031360171011e-05
"214638_s_at",1.52989472624119,4.33151943912904,3.61936967005625,0.00191635569330369,0.0446064397416434,-1.25991289985274,0.00229538017874035
"218454_at",-1.3712405775622,8.05894489643863,-3.61904784150036,0.00191773860218527,0.0446064397416434,-1.2605799802973,0.0016028283841237
"219607_s_at",-1.90192974819901,5.324060396818,-3.61834177246438,0.00192077607832242,0.0446079270062804,-1.26204348485246,0.000346972999937045
"211340_s_at",-2.15947054313474,7.69715591163407,-3.56003016122,0.00218882583736731,0.0476304747402888,-1.38279506547094,0.00827016293661857
"221599_at",-1.98604721072425,7.10272714582826,-3.55958334887817,0.00219101672607385,0.0476316348361985,-1.38371940596855,0.00671796081004886
"205810_s_at",-1.18933531603171,5.85471960642063,3.5484080440986,0.00224652584174507,0.048403144743256,-1.40683342350623,0.00399386839514371
"212421_at",-2.20918768455441,5.67032165638114,-3.51946514855256,0.00239684783392722,0.0500251444463168,-1.46665164502288,0.000346198919284794
"214913_at",-2.02674384474075,4.6603129669821,-3.51931541037601,0.00239765086696883,0.0500251444463168,-1.46696094544179,0.000759825078920732
"209692_at",1.47716236326662,6.52832690496298,3.49834209146431,0.00251279950342745,0.0512852527632446,-1.51026523069736,0.00908988476002355
"204988_at",-1.14375661265234,5.26504716985957,3.45562009033571,0.00276453268973975,0.0538482600461928,-1.59835604012427,0.00190297714455383
"218481_at",-1.25694998773825,6.90398952650237,3.45497130969807,0.00276854152784145,0.0538482600461928,-1.59969250784042,0.00500272025851761
"201446_s_at",-1.72076064757755,7.82500543826099,3.43524472865515,0.00289321171047815,0.0549404799977354,-1.64030937728084,0.000494240917336822
"212602_at",1.44901925945146,6.96164640260995,3.42969988861803,0.00292924152483895,0.0553317967736123,-1.65171931540473,0.0187730267813928
"206682_at",1.38300850897079,5.68244746007611,-3.40923416037902,0.00306609936933662,0.0561368595280396,-1.69380599073438,0.000619253742551608
"206228_at",1.46473258632072,6.73682145329647,3.40897580233923,0.00306786675050198,0.0561368595280396,-1.69433701537423,0.00119407484485486
"207060_at",1.5860362105292,5.40315070250089,3.40888779709559,0.00306846900799498,0.0561368595280396,-1.69451789824068,0.000796481599349991
"208832_at",1.61930107815544,7.32193117428462,3.37528332425478,0.00330716717342768,0.0581638564526353,-1.76352704105302,0.00291664782908965
"222087_at",-1.3787258281471,5.92194389706675,3.37380555703788,0.00331807377226926,0.058172020352066,-1.76655891382685,0.00444547573694129
"211587_x_at",-1.50373591865733,7.65585009711313,3.3499683089907,0.00349897619298409,0.059375061393959,-1.8154306279034,0.00256288864986929
"217216_x_at",-1.34432928751511,5.8895325555867,3.34658544692881,0.00352542331176331,0.0594861332499325,-1.82236094660212,0.000152342200195201
"210982_s_at",-1.07467222964162,9.06228424011696,-3.33411034905955,0.00362466412436364,0.0602672129781257,-1.8479064336676,0.0124896468163886
"203035_s_at",2.42669336912556,6.57548434322926,3.31838762948985,0.00375366078104613,0.0611083440813232,-1.8800754262487,0.000772251333643298
"206048_at",-1.29150757644412,4.39125223483143,3.3179812718003,0.00375705387027837,0.0611083440813232,-1.88090644031843,0.0231383214522097
"213819_s_at",-1.35292477418267,5.49837760616609,3.31749317235415,0.00376113348916632,0.0611300784384341,-1.88190459178656,0.0190981679663879
"210819_x_at",-1.10153536813214,5.33173884399471,3.30938281000663,0.0038295619490444,0.0615242457898749,-1.89848574471221,0.00602635125420651
"203562_at",-1.28074538790169,7.52568008618998,-3.30553162378575,0.00386248196520038,0.0617410889969834,-1.90635637728129,0.000498372769837887
"212921_at",1.75711834845701,5.32945525874615,3.27532801659691,0.00413048299867808,0.0633444959804154,-1.96801709419122,0.00427562499422617
"202647_s_at",1.61402571757449,5.56839955366116,3.27247032212874,0.00415676538547195,0.0637037160140794,-1.97384487957536,0.00608167843738103
"219959_at",-1.25096217201798,4.8437957183617,3.25513389522922,0.00431976235415559,0.0648141624529329,-2.0091759446145,0.00382853401816602
"209754_s_at",1.18227484448136,4.73273673152294,3.24555982375105,0.00441244729400395,0.0655620158150222,-2.02866988910262,0.0126992779100181
"202846_s_at",-1.45645824091151,7.55740483352334,3.2110238546394,0.00476326118170298,0.0678916425468845,-2.09888098968567,0.000524925227682027
"219313_at",-2.02887484680033,5.25816899496865,3.21062380145049,0.00476748080474837,0.0678916425468845,-2.09969327476882,0.000121166745306618
"214814_at",-1.82835840008322,4.29143321132492,3.21048655068194,0.00476892932132413,0.0678916425468845,-2.0999719491254,0.000468337705012889
"204584_at",-1.35654110510418,5.21268556505002,-3.17274306529363,0.00518404812538266,0.0703914083669563,-2.17649829837444,0.00141105837398225
"211975_at",-1.24300024008287,7.96702678846222,3.14197092909623,0.00554844778188936,0.0724855296936206,-2.23872478546533,0.00218146656389892
"201937_s_at",-1.31364882792702,7.08132458023477,3.12913392249137,0.00570774847164436,0.0737736422236957,-2.26463771193958,0.000892082374207769
"210658_s_at",-1.66876417845205,6.4839018326466,3.12669757894649,0.00573848205637249,0.0739136391110684,-2.26955263677625,0.000310332767320126
"208259_x_at",-2.36553956363351,5.62463515698972,3.11696910400468,0.00586282020761256,0.0746521272492747,-2.28916824682486,0.00380902808885679
"201859_at",-1.53036119304922,8.4183168295542,-3.10447593564392,0.00602635125420651,0.0758160878671619,-2.31433459944268,0.000402953708213285
"208018_s_at",-2.35262907304723,6.24398355844082,-3.08969308566295,0.00622559987070805,0.076924224982193,-2.3440782242462,0.0119026256250974
"209856_x_at",-2.7255898505471,6.35179177397713,3.08380915461398,0.00630667818097544,0.0772576744951488,-2.35590615778374,6.74097556487829e-05
"219556_at",-1.92852230103612,6.39197297902229,3.04993831663536,0.00679377626937579,0.0805786168863717,-2.42387157415324,0.0100395396754986
"208968_s_at",-1.69440286127573,7.41932027329139,3.04634838211456,0.00684749838917427,0.0809200001254815,-2.43106272226913,0.00453199390791831
"206993_at",-1.60071336663599,5.52048687847747,3.02913390187974,0.00711089590670345,0.0826919927097627,-2.4655118260355,0.0170635664935277
"213067_at",1.18611091517894,6.39832277975889,-3.00085856404495,0.00756502644464539,0.0850512029596535,-2.52197099342634,0.00286903158789317
"209473_at",-1.12894290805334,7.57161685026485,-2.98071218383793,0.00790563184231544,0.0868836159910847,-2.56210130519162,0.00781583911528356
"205790_at",1.09843570658319,6.28686959197245,2.96968552241681,0.00809829922719942,0.087871503945778,-2.58403056288793,0.000255341204687533
"211776_s_at",1.50898435344394,5.42928239555545,-2.96221763341112,0.00823135918177382,0.0887369988618606,-2.59886795903484,0.00310041095331142
"206251_s_at",1.41163928580009,4.29496289338184,2.96186566604595,0.00823768235074811,0.0887622223509285,-2.59956696855533,0.00111256357663099
"58916_at",-1.09260843753814,5.06176257850588,2.95671912607238,0.00833067979640482,0.0892717805531065,-2.60978504974193,0.0016335333578256
"205401_at",-1.7873244103398,5.60835953271457,2.955406862808,0.00835455435246018,0.0893732763494336,-2.61238955762585,0.00674501047444701
"207782_s_at",-1.15336436828108,7.05151183919829,2.95122285458241,0.00843111868650195,0.0897614035792274,-2.62069130635257,0.0195598532953922
"206063_x_at",-1.11738807788201,7.3746980996682,2.91035136827947,0.00921561764598939,0.0936823029222544,-2.70158772735135,2.48076340410695e-05
"218605_at",-1.25344874759487,6.43859881186708,2.89241577754743,0.00958172145949186,0.0954051780869684,-2.73697034299688,7.82470975135676e-05
"201014_s_at",-2.25320849226414,6.18124946875464,2.88204680952636,0.0097997335376469,0.0959825453002805,-2.75739233616978,0.00101204814798675
"214941_s_at",-1.19034931390013,7.66013931774821,2.88193119867634,0.00980219106227897,0.0959825453002805,-2.75761989531367,2.32441025092546e-05
"216818_s_at",-1.65216720649422,4.78266863228499,2.87672419884333,0.00991349364017573,0.0965482424755402,-2.76786571870456,0.00016802160548279
"212364_at",-1.15576182326692,7.22263558729635,-2.85889963384044,0.0103037987324842,0.0987807214566376,-2.80289104258205,3.10362217373098e-06
"216905_s_at",-1.18078624469181,4.90709720988855,2.8551437591817,0.010387908706338,0.0992597640237264,-2.81026175000557,0.00475672814345284
"212429_s_at",-1.11107981867839,7.54239979822746,2.84357368889606,0.0106511860931006,0.100952947559575,-2.83294613969789,0.00836892519831702
"212737_at",1.32474791095703,7.89322475170743,-2.84164075073269,0.010695791533381,0.101175128802202,-2.83673272535878,0.000507781377762064
"204519_s_at",-1.25671125814526,7.10110501517228,2.82096110878668,0.0111843871132607,0.10349115755226,-2.87718651334163,0.000425700772647001
"215797_at",1.29748606526559,4.36038021861575,2.8176370697249,0.0112648987142529,0.103685462087877,-2.88367918587628,0.000249296940982223
"216807_at",-1.05475795489875,6.19802444714058,2.81530831321234,0.0113216349557964,0.10394710314045,-2.88822618242916,0.000182230164583978
"213875_x_at",-2.41320587181883,7.30475011429489,2.80750691714083,0.0115137097015955,0.104889612952025,-2.90344883171227,0.00046226180326712
"201863_at",-1.50659288837028,8.37483366522432,2.80672309418525,0.0115331799463491,0.104938280418332,-2.90497743659889,0.00137151737833535
"201347_x_at",1.4344080527184,7.63688099525854,2.80053481057122,0.0116880114163985,0.105229882178428,-2.9170403126139,0.00300488283444269
"212528_at",-1.06161459824781,6.82004455815845,2.79647444449683,0.0117906841186998,0.105818507426209,-2.92494993020128,0.0094339605942363
"213900_at",-2.98586445120522,6.88902256133576,2.77677885362266,0.0123011191442863,0.10872777922599,-2.96325691877269,0.00170556256534553
"204435_at",-1.12185143703671,6.35732468969902,2.75708352607732,0.0128326904737683,0.111421418665829,-3.00146207106344,0.00162766217932881
"203622_s_at",-1.39663183654384,6.13551569428275,2.74560011899939,0.0131527027563874,0.112984454711095,-3.02369004349598,0.000842987108144414
"202128_at",-1.00375144773773,6.45350964343056,2.74074402754089,0.0132903142687088,0.113767807169652,-3.03307909256372,0.0245900658631697
"214902_x_at",-1.03470977511014,8.1317846343399,-2.73870239102494,0.0133485802917624,0.113855871991894,-3.03702460073627,0.00503312778320923
"208778_s_at",-1.59828532261251,8.78065723981377,2.69674486577788,0.0146014803504071,0.119881842646332,-3.11785364921486,0.00469819936364621
"203219_s_at",1.09201374687316,7.50082426514222,2.68727020741786,0.0148995500327128,0.120967670308427,-3.13603756762281,9.37898967057854e-05
"213796_at",-1.04701539753514,4.36994939390423,2.67701566230506,0.0152286888630973,0.122618387010756,-3.15568919235616,5.32924294091076e-05
"209676_at",-1.06967527478058,4.59482450827387,-2.67610062079076,0.0152583931995614,0.122700388186874,-3.15744128261232,0.0164975282686179
"218725_at",-1.1350672851441,6.5773831886396,2.66033206280428,0.0157790285118069,0.124373573515597,-3.18759596541967,2.43875764056601e-05
"220690_s_at",1.38189333420729,6.27901460670088,2.65892874765325,0.0158261729133007,0.124612936758685,-3.19027602643208,0.0083252463295114
"396_f_at",-1.02400287467652,9.78064146459615,2.65820631596053,0.0158504952614793,0.124625250753373,-3.19165550450326,0.0237696183911169
"210691_s_at",-1.49365340549356,4.43649317488536,2.65504377409759,0.0159573889301002,0.124664846788469,-3.19769253597046,0.00368675630967052
"206948_at",-1.67784245506911,6.73517092081834,2.65489241437645,0.0159625220383597,0.124664846788469,-3.19798139481707,0.0010786580871362
"211343_s_at",-1.00872292401932,3.9207605267769,-2.63880058103666,0.0165173002870647,0.126980900851652,-3.22865246068235,0.00386205474922875
"216308_x_at",1.00116609279439,7.44712386654714,2.63238314940516,0.0167436185700019,0.127598513199505,-3.24086237564349,1.5597703198888e-05
"205100_at",1.34827943653672,7.41500307921739,-2.62423358262582,0.0170352705775902,0.128676926874727,-3.25634984558642,0.0116614990089994
"217639_at",2.04706600002291,4.69932992331764,2.62098274501225,0.0171529503962252,0.129069847579744,-3.26252208714777,0.000340018283816167
"218076_s_at",1.34082938611029,8.3566329753992,-2.62081503963111,0.0171590421924282,0.129069847579744,-3.262840415022,0.000568575616161293
"210935_s_at",1.88193279712349,5.70519669316732,2.61544682407756,0.0173551279236237,0.129773260242318,-3.27302545436766,0.00176157136588465
"213935_at",-1.3380261188649,4.3050795122523,2.59757447962923,0.0180233884521434,0.13276534376169,-3.3068700063918,0.00175112123641212
"204370_at",-1.11051284815568,7.05756691339324,2.58319128066652,0.0185788267645932,0.135171227695978,-3.33403441144919,0.0032375834837123
"208284_x_at",-1.37747428753587,6.35902311646703,2.57878777278781,0.0187520938251332,0.135807663135271,-3.34233782860801,0.0431920561008735
"213937_s_at",-1.43016264169378,6.4221562434359,2.57458325007749,0.0189189580248351,0.13612242223681,-3.35026024145875,2.3591237874416e-05
"200825_s_at",-2.15153694631817,8.81216657419921,2.57415952922521,0.0189358518930078,0.136172071126955,-3.35105832693407,0.000237300026590863
"205726_at",-1.26534186693096,6.57843249324565,-2.563630668828,0.0193602532258957,0.137828920968893,-3.37087102241502,0.00366542823938754
"206831_s_at",-1.52153017505416,5.21359605813056,2.54919053060258,0.0199569568141349,0.140195734139145,-3.39798516389272,0.00479159377454482
"206561_s_at",-1.74038797633531,4.79317608556662,2.54714658834689,0.0200428086371434,0.140588918720155,-3.40181753577877,0.024858131686088
"216406_at",-1.55085859006572,3.75499127922574,2.54710704221282,0.0200444731308142,0.140588918720155,-3.40189167081826,0.000293788183789163
"211270_x_at",-1.627242227576,8.82465896016071,2.54348991982722,0.020197270854352,0.140944212183195,-3.40867031469109,1.91027367179746e-05
"218217_at",-1.01087456292859,7.46472707858259,-2.53546585728197,0.0205401656477336,0.142358658844472,-3.42369227761756,0.00146049968021694
"205630_at",-1.03694337147303,4.35778753155704,2.53370312007781,0.020616225866739,0.1424063175708,-3.42698945278253,0.000650644438290283
"220847_x_at",-1.28619145491909,5.38229631145529,2.53171472730727,0.0207023418589539,0.142569916659272,-3.4307074678745,0.00199991976874758
"209505_at",-2.09463119967028,7.84174186256597,-2.53165509138454,0.0207049298869329,0.142569916659272,-3.43081895824907,0.00170956647852702
"204175_at",-1.33452119280999,6.79686488373365,2.53136534512372,0.020717508388667,0.142569916659272,-3.43136062688637,0.0270115403300703
"217100_s_at",1.05036173615049,6.35786851460516,2.52716796383573,0.0209005362500035,0.143212376770858,-3.43920430151996,0.0232584482207876
"201796_s_at",1.41207651119348,6.98458247876646,2.50517766851408,0.0218846081660952,0.147461361888449,-3.4802004231678,0.00790177792009816
"212377_s_at",1.03074237978539,8.16740128443169,-2.50269150145251,0.0219985711782471,0.147960809406846,-3.48482496869131,0.0235354745880142
"213160_at",-2.2623287387823,5.14623673739572,-2.50173131881866,0.0220427342285531,0.148123717374804,-3.48661044607012,0.00170845227897706
"201718_s_at",-1.06403630289446,7.33025632002413,-2.49852625091779,0.0221907545534106,0.148626779876732,-3.49256803121272,0.0443284670781661
"214283_at",-1.09330361459564,6.36318207749754,2.4930028405523,0.0224480409826402,0.149689661103697,-3.50282663167496,0.00161320744601714
"220261_s_at",1.57646857267195,7.36566705256222,2.48883697195918,0.0226439456030165,0.150509373224118,-3.51055688109221,0.0167735541448714
"212699_at",1.426119017341,6.97638515042921,2.48528681961269,0.022812163490203,0.151151780865951,-3.51713983108991,6.64201155947034e-05
"216547_at",1.30895321896993,7.18813569104869,2.48453312648685,0.0228480268491891,0.151344406147586,-3.51853681761954,0.000791691141441107
"215431_at",-1.75258079458058,4.6073951466585,2.48161451555885,0.022987405303196,0.151636575598317,-3.52394465213143,0.00130100218941502
"201842_s_at",-1.17398116726541,9.42242990076646,-2.47847300216299,0.0231383214522097,0.152002127629596,-3.52976216241886,0.000144500523750695
"204518_s_at",-1.6452896704342,7.51932417503334,-2.47761133576756,0.02317987776613,0.152140564436723,-3.53135720591334,0.00732742628793088
"201954_at",-1.86635515977218,8.53452317098705,-2.47355160376654,0.0233766152925052,0.152815430157759,-3.5388687197773,0.00238218370821294
"210986_s_at",1.28052392013895,9.91622174817519,-2.47142243270402,0.0234804225510427,0.152950996679625,-3.54280589159091,0.0165476916381519
"211060_x_at",2.54427376517572,8.6556481281274,2.45633297773366,0.0242286051253211,0.155452348979997,-3.57066254417817,0.000420410649320935
"209237_s_at",-2.29995875153625,6.39033586946236,2.45448262832226,0.0243218760506292,0.155826441643522,-3.57407287965707,0.0055799449137611
"215711_s_at",2.74414095297843,6.65923239355845,2.45375602909208,0.0243585939044382,0.155932176432041,-3.575411721574,0.000110702646176909
"210987_x_at",1.04048217453516,9.85982417555398,-2.45374062505376,0.0243593728923366,0.155932176432041,-3.57544010321789,0.00139322473205668
"208442_s_at",-2.93407729024847,5.67915918060518,2.44389325202914,0.0248621681777954,0.157970827917256,-3.59356619972663,0.00146696884339086
"203477_at",1.15445379689333,9.19980019773053,-2.43966081795219,0.0250812467901771,0.158558395421898,-3.60134607539979,0.000154263017805592
"212233_at",-1.0189654876261,8.25518045876663,-2.43472926620331,0.0253387944899022,0.159231138892387,-3.61040281618877,0.0201301101454789
"213245_at",1.20727273366582,6.47183449491441,2.43472134619755,0.0253392100934526,0.159231138892387,-3.61041735405565,0.000243677290617583
"209961_s_at",-1.22775660743501,6.34239123442363,2.43117364206221,0.0255260197552784,0.159908995841121,-3.61692716986393,0.00115540205199329
"207287_at",1.26310991793707,5.95100459868884,2.42322034394265,0.0259495086146302,0.161202369796433,-3.63150419006736,0.00689909603054724
"209433_s_at",1.15466549258528,5.98583291641449,2.42254852897034,0.025985580287025,0.161339567718727,-3.63273444360682,0.0108971733386777
"203762_s_at",-1.27407924319305,6.17170242121579,2.41913960372128,0.0261693394408309,0.162025949085867,-3.63897442834124,0.0029142613796509
"212166_at",-1.67919420575883,7.30781942447633,2.41495564924726,0.0263965384493655,0.162909342439175,-3.64662720669618,0.00394115965357766
"219389_at",-1.04808507765772,6.75885846290884,2.40529863031351,0.0269279991150702,0.164778703550514,-3.66426575925993,0.0185484303226507
"203710_at",-1.12270643435818,6.13573702182672,-2.40379685424152,0.0270115403300703,0.164948795060279,-3.66700562034006,0.00621274859285495
"207041_at",1.64851162451155,5.15073680592551,2.40346599772634,0.0270299778324916,0.164970965774147,-3.66760912577757,0.00103638221030362
"217474_at",-1.05017235616279,5.35606586081867,2.40112023078089,0.027161037005568,0.165308836742237,-3.67188678927194,0.000476550557334966
"206900_x_at",-1.51629371738521,5.59437942230926,2.40092751090963,0.0271718307089536,0.165308836742237,-3.67223813490995,0.00838092992943939
"203164_at",-1.31943143876574,6.28361262561892,2.39967896470464,0.0272418554296916,0.16543919732182,-3.67451400808711,0.022621912790616
"207434_s_at",-1.3775239389953,4.9535033239784,2.37281291610963,0.0287900687872716,0.171010246891226,-3.72334260319851,0.003107895224883
"200065_s_at",-1.04592479247015,10.0383270033517,2.35837959374725,0.029655314120677,0.173395267528482,-3.7494604257647,0.009931019784775
"220930_s_at",1.22087050302517,4.78702618366238,2.35269000392086,0.0300029975620401,0.174512345255792,-3.75973373832974,0.0418555626273946
"36936_at",-1.71585336840198,7.02078816976744,2.33999438706104,0.0307925259764584,0.176342805534161,-3.78261151088751,7.00804706099933e-05
"212486_s_at",1.46009410892731,5.41931885003237,-2.33172566592814,0.0313170888334593,0.178222141233589,-3.79747761300468,0.00833304777410858
"202862_at",1.34470234622172,5.14143945288252,-2.3316690383649,0.0313207097012493,0.178222141233589,-3.79757932825766,0.0152327203072683
"216548_x_at",-1.03349123968626,6.74826894709181,2.33004079627128,0.0314249888744434,0.178496820568244,-3.80050345272713,0.00340172254234587
"217754_at",-1.4538837423922,6.97219606200635,2.32387191170474,0.0318230003028957,0.179476566881656,-3.81157239483703,0.001494097669437
"201491_at",-1.52325599085704,8.34417958561502,2.31944382716808,0.0321115757646602,0.180464626169968,-3.81950836793797,0.00239197129457037
"43977_at",-1.28008843612045,8.52642026497974,2.31546855034307,0.0323727082014495,0.181098762647722,-3.82662609020212,0.000324568859019417
"210048_at",-2.24811367303121,5.51179143929237,2.31536739833773,0.0323793784109886,0.181098762647722,-3.82680711928886,0.000965576269834487
"215694_at",-1.21614776425575,4.04810412829927,2.31242354881454,0.032574062212162,0.181454044150083,-3.83207383502244,0.003176422672012
"215043_s_at",-1.25673854893162,5.24043968385702,-2.3109910031548,0.0326691919417721,0.181583338498006,-3.8346354708604,0.000501193772900554
"203110_at",1.11712274484823,5.9330863673751,-2.28995225323724,0.0340962741968881,0.185534270903215,-3.87215986280042,0.00532268966792965
"202720_at",-1.02649146371612,7.99535056218347,-2.28439055901538,0.0344830574693669,0.186682694263825,-3.88204919307497,0.000283044240338799
"207184_at",1.32198540630692,7.50286980882891,2.28240879144431,0.0346218555987165,0.187070516078128,-3.88556990517906,0.0317219045870388
"207414_s_at",1.73989254037459,6.006136604699,2.28100052257947,0.0347208010703817,0.187377963248078,-3.8880707755903,0.0479117605515659
"206587_at",1.32110573222959,4.99571954529686,2.27211108228335,0.0353514332065006,0.189301080947133,-3.90383798514518,0.00015455927512899
"211934_x_at",-1.47065302713856,8.96544929364116,2.26968734664033,0.0355252040029208,0.189697608626189,-3.90813123322801,0.00177341968592776
"220355_s_at",-1.03851196265551,7.34932113854447,-2.26472073407787,0.0358837545233391,0.190516488454507,-3.9169210589193,0.000482040084113353
"200728_at",-1.41245305935021,9.10166708632739,-2.26299805311351,0.0360088969397142,0.190819241450894,-3.91996740381008,0.000708616402549427
"214551_s_at",-1.4055117142108,4.9669696248985,2.26134056920976,0.0361296833080317,0.190974352405178,-3.9228972736205,0.00666583933919169
"212049_at",1.01379513469155,8.05669942561914,-2.25876946846612,0.0363177880021669,0.191460384683767,-3.92743981047548,0.00112423982052121
"206438_x_at",-1.45056352537063,8.31930254576168,2.25405740151202,0.036664875473642,0.19241719740442,-3.93575766576837,0.0301243455170693
"218403_at",1.52640708636555,7.23752081855608,2.23254620226684,0.0382885576856544,0.196359938068915,-3.97360933460838,0.00385931955161302
"203222_s_at",-1.26960818490372,6.67434537441594,2.22890539284323,0.0385698319302083,0.197076717473247,-3.97999609447331,0.000381118853176005
"221696_s_at",1.6571731566717,4.01964796332997,2.2253786477389,0.0388441054765689,0.19787354452676,-3.98617728107641,0.00740523122663578
"216757_at",1.29570428365247,6.16471426528103,2.22114399437084,0.0391758023075714,0.19880537527206,-3.99359204411396,0.00770780062119099
"215317_at",-1.01374156507781,4.37328906801158,2.21364811689288,0.0397693388604982,0.200856794612076,-4.00669792681965,0.00716203861629856
"217458_at",-2.78216537288632,6.41689936047688,2.21062166191624,0.0400113114180651,0.201667507878024,-4.0119824387654,1.41672244663112e-05
"201576_s_at",-2.01437326755544,8.30528049598018,2.20911685653867,0.0401321269554886,0.202096387888725,-4.01460848996116,9.21171410732093e-06
"209705_at",-2.02708762782445,6.73961304965351,2.1971956940277,0.0411011358329438,0.205119061537623,-4.03537689952509,0.00427730930773018
"204915_s_at",-2.83239743448848,4.73098877154494,2.19665508654903,0.0411455835842129,0.205140608858945,-4.03631722429378,0.000545865365357967
"219930_at",-1.99403532240966,4.37980250748167,2.19662441882595,0.0411481063487584,0.205140608858945,-4.03637056339033,0.00208450122434343
"211641_x_at",-2.14147852008122,5.16442806082579,-2.19517916008669,0.041267156093257,0.205166452303892,-4.03888376751613,0.00070029662690008
"211582_x_at",-1.32469090521629,6.99940938822114,-2.19368645702839,0.041390445442021,0.205498453128817,-4.04147849802586,0.000541601146321444
"209261_s_at",-1.10827914619857,5.60840417738632,2.19261496142621,0.041479153406225,0.20572017174615,-4.04334044147206,0.000548655753423987
"221736_at",3.10056436639946,7.50329185682312,2.17513545868289,0.0429510825698324,0.209324572224543,-4.0736420552584,0.00103604915379915
"221901_at",1.07632929789009,6.71040874703354,-2.1698217658645,0.0434079288761564,0.210194893392298,-4.08282632867646,0.00165561230363622
"209442_x_at",1.27734966468046,6.61721523697778,2.1636386385996,0.043945117193878,0.211770987549996,-4.09349721433272,0.0288714163916097
"212253_x_at",1.16901703203372,7.63075186902524,-2.14074647589894,0.0459872780157935,0.217213356179845,-4.13285230877767,9.1983456338971e-05
"213923_at",-1.35875099803717,7.41650981451196,-2.13835711390313,0.0462053433048727,0.217732855287878,-4.13694604660864,0.0263523647540095
"212503_s_at",1.67328801860619,7.31982981477304,-2.13388812007994,0.046615738384771,0.218773904470904,-4.1445957316928,0.00608256489738673
"205292_s_at",-1.72782796406493,9.47524863789458,2.13305410354075,0.0466926943043183,0.218809111636971,-4.14602230804053,0.000988538064544001
"202158_s_at",1.5503829375609,6.46849666327458,-2.12947822952654,0.0470239591159088,0.219714403865119,-4.15213512177767,0.0295570264369748
"214895_s_at",1.84913566149493,5.12900350201715,2.11068503331998,0.0488003744732697,0.223905111160646,-4.18416266112297,0.00488129637281834
"221248_s_at",-1.68144823140123,6.07739821699374,2.11050720076954,0.0488174716061537,0.223905111160646,-4.18446492869601,0.000184277592229823
"205222_at",-1.22178133620676,3.89591910284854,-2.10565672466658,0.049285909152982,0.224824378647323,-4.1927036448217,0.000580644489350653
"58780_s_at",1.48472087371697,6.87104449566286,-2.10457712300872,0.0493907263577431,0.224928174009726,-4.19453586661938,0.000277007428994984
"214297_at",-1.51856066083675,5.50731619502982,-2.10068277788871,0.0497705081316918,0.225880495532198,-4.20114045061004,0.0421167087725955
"212876_at",-1.66177876273777,6.2294500860625,2.10033769566326,0.049804288580328,0.225953048863242,-4.20172534096747,0.000176467613633458
"200976_s_at",-1.65074980447707,8.70583967130785,2.09907568599632,0.0499280053215267,0.226150223980039,-4.20386387486372,0.00024335476451134
"211458_s_at",-2.12276283018912,8.47430215661457,2.09712492575378,0.0501197903050697,0.226719303160347,-4.20716802956411,0.000670626417087484
"219478_at",-1.16327272664179,7.36746181843181,-2.09488232380387,0.0503410930614023,0.227351150524367,-4.21096424714173,0.00305390767489044
"209949_at",-2.42023999975175,5.66482332161273,-2.09082030841066,0.0507441963208812,0.227873441972721,-4.21783417444358,1.89103527040271e-05
"212231_at",-1.2786350755537,7.34997548251934,2.09031836805521,0.0507942102175877,0.227873441972721,-4.21868253584255,0.000417660139691151
"222296_at",-1.12610518945017,5.46413395043393,2.08627323899564,0.0511989059623767,0.228630304921772,-4.22551503604155,1.73185259666663e-05
"211685_s_at",-1.15054366018601,6.66246400481334,2.08457596228705,0.0513695791678892,0.228842129667748,-4.22837950160146,0.00725522540074365
"220189_s_at",1.09460276264833,7.18577837421842,2.08272164245231,0.0515566334510776,0.22908005248063,-4.23150741463509,0.0159744949273219
"216628_at",2.50806126259671,5.67296814843079,-2.08139350593093,0.0516909881657761,0.229327954312917,-4.23374672583284,0.00397932632105268
"204327_s_at",-1.37594024680814,5.42986699740424,2.08115309385705,0.0517153422080693,0.229327954312917,-4.23415198249222,0.00104712795907098
"201050_at",1.82183140379228,7.91597587150969,-2.0768139635249,0.0521566920332117,0.230566079115147,-4.24146152797021,0.0011689106562844
"213802_at",-1.07078591243175,4.24917779141542,2.07591672683205,0.0522483779527889,0.23077316271992,-4.2429718403561,0.00144044957200458
"201452_at",-1.09130913681933,4.52473410465254,2.07084312186364,0.0527695853102287,0.231971724100972,-4.25150483091424,0.00156266918018252
"219892_at",-1.7336615918282,5.58691962012365,-2.0701233370553,0.052843908140367,0.232038734970777,-4.25271437695398,0.00295398027603378
"213119_at",-2.06378294810632,6.27834011857064,-2.06998965696166,0.0528577219724303,0.232038734970777,-4.25293898877685,0.017259670953019
"41397_at",1.40785142198677,5.94065298333425,2.06025564310719,0.0538724083672407,0.234277688455742,-4.2692707524526,0.0012242663117922
"202579_x_at",-1.06358454091861,8.83141242348787,2.05541909496446,0.054383095710912,0.235469889336063,-4.27736822081649,0.000939317010358167
"219318_x_at",-1.08551717004448,6.06442860690345,2.0544712942399,0.0544836842643449,0.235694027657231,-4.27895370060686,0.000558032411576027
"204351_at",1.58417028121754,5.77944353850247,2.04837277257364,0.0551349390830175,0.237130254311306,-4.28914467565557,0.00180105701923743
"221732_at",-1.60777662036945,8.35495032853785,2.03957704448718,0.0560866021169316,0.239880567173049,-4.30381032585002,2.87626375482908e-05
"213493_at",-1.34121612860861,5.60385556194629,-2.0350278161917,0.0565846000194646,0.241223386690976,-4.3113803954606,0.00448931928716866
"208160_at",-1.23142692399092,6.07579388765083,2.01518286027044,0.0588039078820351,0.246619670953701,-4.34428144913841,0.0172787381803556
"201066_at",-1.03539423931167,7.9469296349528,2.0139764503398,0.0589413145945412,0.246924104739643,-4.34627514365397,0.010017395038044
"215300_s_at",2.73313380386809,4.6519510593811,2.01240309022799,0.0591209495257531,0.247351129981667,-4.34887414322467,0.000457590284498206
"217512_at",1.79864550164223,4.66550199898122,2.00476648414401,0.0599998499226661,0.24891407598923,-4.36147097557607,0.00105891647177689
"213941_x_at",1.19729081955693,11.5872432487763,2.00234160792319,0.0602813743146459,0.249411799411259,-4.36546465820304,0.00741807140471686
"221197_s_at",-1.25461728240764,5.94715200101469,1.98840619308207,0.0619223551495081,0.253623324649038,-4.38835723664085,0.0249949193213024
"207966_s_at",2.82599084405252,8.56120366048777,-1.97471600822866,0.0635733228366188,0.257283754589244,-4.41074917937016,0.0132771610562768
"210476_s_at",1.19593351730558,6.33715074016084,1.97313441151005,0.0637665714852894,0.257551298243013,-4.41332978449629,0.0254198831296686
"211097_s_at",1.13846854609602,5.47905628348965,-1.96640273216165,0.0645949760951246,0.259339211730973,-4.42429886092054,0.00446552221221259
"213279_at",-1.06737708990114,7.0241058447118,-1.95185147509303,0.0664185978374675,0.263393062041696,-4.44792828981549,0.000263250383693542
"204231_s_at",-1.03832498808607,5.4045425068876,1.94696520845643,0.0670411867084847,0.264778228185956,-4.45583786048044,0.0315298625500137
"220139_at",-1.23274251729973,4.94031613984967,1.93691438708028,0.0683381998088893,0.267482892383889,-4.47206751106352,0.00325022959468963
"217877_s_at",-1.96073897275074,8.06140646396842,1.9300302968094,0.0692394042291027,0.269401369728845,-4.48315247001098,2.55229479484846e-05
"205286_at",1.30747899564652,6.01212757866938,1.92444108124129,0.0699788539619469,0.271000834694832,-4.4921336428133,0.00306786675050198
"210604_at",1.57147425543457,5.31744311582419,1.92242864989957,0.0702468110119275,0.271237166830494,-4.49536324348897,7.33983824664514e-05
"214104_at",1.09885882142081,5.84073155295285,-1.91711287515151,0.0709590002139516,0.272899448009576,-4.50388359748684,0.00631081426602042
"202079_s_at",1.15204135659776,6.85120645063306,1.89463027957645,0.0740424982314245,0.279121804786133,-4.53974954005575,0.027575299182659
"204410_at",-1.11464590314029,4.34037070690178,1.89308736038552,0.074258397971388,0.279604576207577,-4.54220076601091,0.0254461568352411
"205017_s_at",1.49071283100995,5.90802775103864,1.89187040470492,0.0744290786473081,0.280057946554874,-4.54413321060315,0.00294573907029962
"201720_s_at",-1.66136602750506,7.87319345673193,-1.85605219693685,0.0796104418110104,0.29031664445562,-4.60064168005721,0.00201947301651385
"215794_x_at",1.46342579896684,6.82141315827954,1.84660169317059,0.0810294426361755,0.292858553867751,-4.61543122099025,0.0170618434206384
"213197_at",1.37352166797052,4.41311706323798,-1.84628582266482,0.0810772525607034,0.292858553867751,-4.61592466792947,0.00139675015584111
"200920_s_at",-1.03209472820269,9.652679660048,-1.8383153783089,0.0822918868384793,0.295378562245785,-4.62835716891646,0.00306609936933662
"205558_at",-1.19171282596981,6.21619130914416,1.83514356444815,0.0827796740741863,0.296413221500095,-4.63329457293878,0.0162408414879133
"205317_s_at",-1.18061705228727,4.45188739911863,1.80316354238544,0.0878412155726774,0.306604919581136,-4.68275302041143,0.0401718801006114
"216638_s_at",3.48340181809059,4.62959808402277,1.80307104519387,0.0878562392705993,0.306609331192915,-4.68289521191095,0.00356655933793806
"203961_at",1.56835371295926,5.46634756241934,1.79682298041962,0.0888762794571287,0.308526271248356,-4.69248849688043,0.00045584045754115
"205065_at",-1.0484110574452,4.17014857983818,1.75410729587077,0.0961304537241192,0.322355863192894,-4.75745748181446,0.000270511052598808
"203109_at",-1.57370535729411,7.31835995214534,1.7518907080424,0.0965205202851909,0.322920287329624,-4.76079915850663,4.69624006166093e-05
"208115_x_at",1.0056889006774,4.47378133750079,1.74644717402879,0.0974842755350744,0.324457372927269,-4.76899315673791,3.87899624956534e-05
"217468_at",-1.9870016378897,5.82506612519899,1.74553627747728,0.0976463570557234,0.324721346792114,-4.77036255883058,0.0065146115132511
"200081_s_at",1.23352981880079,11.9075663719247,1.73094731063061,0.100274207320838,0.329607635599681,-4.79222652839264,0.00335265284519851
"203533_s_at",-2.00810159707883,4.62981378738803,-1.69393164159421,0.107217045256879,0.341194529436827,-4.84711643175302,0.000274097349487027
"205052_at",-1.76180517303302,6.39268313964474,1.6855849985959,0.108838413532519,0.343373406306829,-4.85937638188911,1.37940604062231e-05
"206238_s_at",2.77811754520553,5.58160954924034,1.63914811850797,0.118247026437847,0.35975950207415,-4.92678409881526,0.00102764516220663
"200857_s_at",-1.01446465602052,7.54429288407045,1.63849416348946,0.118384317143495,0.360032446964447,-4.92772358126463,0.0092966387496296
"208844_at",1.0172942212671,5.73177086873694,1.63151718873027,0.119857501908069,0.362582774235339,-4.93772970688025,0.0404916635961558
"203588_s_at",-1.26994324466062,7.14646243323758,1.62607745317494,0.121016862357738,0.36454972970115,-4.94550942036243,0.000675576260126511
"204531_s_at",1.27630275395477,4.55136842902849,1.61987392166297,0.122350593505768,0.366443316544225,-4.95435813885175,0.0030394985112252
"209762_x_at",-1.70124447421136,6.7473378590279,-1.61420080127266,0.123581159623762,0.368403636005879,-4.96242842955358,0.00679474133328063
"206097_at",-2.37361103675671,7.0820988257509,1.61250570999472,0.123950869286405,0.368820031994722,-4.96483571940285,7.16718703067851e-05
"204497_at",-3.18575717535778,6.74235885788361,-1.58588845960031,0.129879827645261,0.378860086322731,-5.00238980166969,1.54851142715362e-05
"217218_at",-1.66551688428004,4.34157578211626,1.5839388424667,0.130323328460099,0.379408770326155,-5.00512218486464,2.31943771804197e-05
"211002_s_at",-1.01896345330336,5.2811918527647,-1.56229671943583,0.135332495560633,0.386122150906221,-5.03528412563599,0.00025255150039329
"202519_at",-1.90414799367364,7.15513239992276,-1.55907311326434,0.136092232993933,0.386773765778606,-5.0397500359948,0.000235020997747506
"217815_at",-1.29864534613942,8.41725801410327,1.54932185015747,0.138412141893273,0.390558155984274,-5.05321676826408,1.84334176014681e-06
"209384_at",-1.06277417622803,7.67026421369537,-1.53790159726059,0.141170981420703,0.39474704458817,-5.06890695631173,0.0138761908295375
"210733_at",-1.09776070601199,5.80724627019407,1.517643715591,0.146177328249581,0.401724042258922,-5.0965213184283,0.00179230304189463
"209942_x_at",2.39691695123712,4.80120845786362,1.51308320847985,0.147324446124731,0.402949629679314,-5.10269928642866,0.00393606355515038
"206235_at",1.87002604566613,4.62044317733244,1.51296040457937,0.147355438143515,0.402984932271963,-5.10286544757733,0.00471194589673423
"206698_at",-1.2173328808651,4.1706586956849,1.49218230679922,0.152677418394783,0.410684562299728,-5.13082990306121,0.000105116819940421
"216470_x_at",-1.90137401581554,4.81752011325846,1.49202110776235,0.152719318680157,0.410747685956541,-5.13104568804058,9.98087723166034e-07
"217260_x_at",-1.37114521408133,5.46413940105478,1.49168652253428,0.152806317295275,0.410892744059773,-5.13149351447967,0.0109981772475115
"211324_s_at",-1.26897264770627,3.74056752096526,1.49167185550497,0.152810131940194,0.410892744059773,-5.13151314382479,0.00731011959240133
"218666_s_at",-1.05940924478639,5.45010547434363,1.48068112601362,0.155690768465207,0.415700338365437,-5.14618033915429,0.000424767500554928
"212672_at",-1.06570048802239,6.17803090683517,-1.48058904680653,0.155715089492077,0.415700338365437,-5.1463028640512,3.0526085413966e-05
"201789_at",-1.03202244467481,4.43559764221231,1.47530203953718,0.157116800852868,0.417336234760336,-5.15332807262628,0.00654226815133933
"220312_at",-1.39123657807987,4.81067521288191,1.46706208065445,0.159322049762949,0.420686483572436,-5.16423806181396,0.000359487076697238
"213741_s_at",-1.50143348320461,5.31192772163828,-1.46085554216002,0.160999793636925,0.423293821215739,-5.17242425028002,0.000534308557972208
"205194_at",-1.54104693846697,4.18150192190313,1.46080925337383,0.161012360482189,0.423293821215739,-5.17248520156111,0.000420447192829183
"218425_at",-1.46675888465914,5.50070268518141,-1.46046828399004,0.161104954277904,0.423482779694295,-5.17293413031728,0.000319807931273621
"221508_at",1.23794509622377,5.05551002326725,-1.45546097139965,0.162469766384396,0.425237689137148,-5.17951743817119,0.011021918279588
"220043_s_at",1.71408702889014,5.830416010982,-1.45243864889779,0.16329810543968,0.426219189474634,-5.18348243266341,0.00104757710475897
"210755_at",-2.01309230436921,4.07933032019753,1.45186209796854,0.163456513975962,0.426449069304105,-5.18423807788885,0.000243090484783102
"210569_s_at",-1.46643850693589,5.98514656141581,-1.44829288047634,0.164439958317706,0.427707218664375,-5.18891076421687,0.000140365890380214
"208801_at",-1.24522248280916,8.25745017792232,1.44612212460194,0.165040434844091,0.428498101270836,-5.19174822074461,0.000279085093003554
"209909_s_at",1.40261643968171,3.83983635192725,1.4420794906502,0.166163476897738,0.430094769942388,-5.19702354559174,0.00012402734700916
"219454_at",-2.52715675429281,5.96593168457674,-1.43925991521178,0.166950433154609,0.430972718024113,-5.2006959951675,0.000974684316824394
"206585_at",1.86546405855184,4.52626531502983,1.43486939345918,0.168181885781521,0.432344445523989,-5.20640330152025,0.00147576240664001
"213125_at",-1.11800856252913,7.32780016832468,-1.43240075009619,0.168877528584246,0.432846306039461,-5.2096062886633,0.00392196503955946
"212366_at",-1.37686680505232,4.72354106306478,1.4323899682198,0.168880571947542,0.432846306039461,-5.20962026826245,0.000899424655151596
"221102_s_at",-1.2316340699259,5.76292120123896,1.41727079591335,0.173192241481958,0.439399148006658,-5.22914161164606,0.00871493916787103
"220768_s_at",-1.1054507364708,6.80582799291185,1.41675056530692,0.173342172887328,0.439675561867088,-5.22981039409217,0.026015982083794
"91682_at",-1.16234168324507,7.24510851245249,1.41451556265453,0.173987500528965,0.440180481493881,-5.23268138456521,0.000921234453648049
"204218_at",-1.30269127351685,7.13010874724385,1.41203581728876,0.1747057678566,0.440937619659885,-5.23586254830239,0.00854529568582533
"203064_s_at",-1.09534450502033,6.86001089159485,1.39113004136475,0.180856897199821,0.450202828695406,-5.26250482375057,0.0195961105074785
"222380_s_at",-1.03577076785692,6.44998370602482,1.38433182889345,0.182894289864947,0.452863750525769,-5.27109998280616,0.0207049298869329
"213600_at",1.32229249921067,5.65924192574406,1.38054733547751,0.184036446405927,0.454501591905708,-5.275870185718,0.00539550115814781
"207623_at",-1.00885003145165,4.82159726042952,-1.37796575682127,0.184818841929268,0.455744695132049,-5.27911814614435,0.000316463793600709
"209865_at",1.63752358456709,5.17500157712997,1.37715879775485,0.185063952187202,0.455889949157803,-5.2801324030577,0.000629108949134464
"204157_s_at",-2.10126930819307,5.33783681527795,-1.37209963327008,0.186606592158246,0.45761038642363,-5.28648031366848,6.02282297746968e-05
"202919_at",-2.72070818491406,7.58161570926395,1.37013067864292,0.187209741042624,0.458316266716414,-5.28894574554109,0.00302141342555192
"216393_at",-3.27990828857794,5.67855089201713,1.36990996024965,0.187277450699066,0.458414595808258,-5.28922194090268,0.000562797408098071
"216158_at",-1.17150569583449,4.14311732773157,1.3688409357778,0.187605671958839,0.458932614805007,-5.29055915436342,9.49214969353269e-05
"208176_at",-2.1963963718823,7.09319695465545,1.36853946263561,0.187698315991518,0.459058454092744,-5.29093610677854,0.000267484922863143
"206740_x_at",-1.32689797309774,4.83465245389187,1.36373826263559,0.189178681134516,0.460976318590341,-5.29693034757391,0.00170114223384886
"206869_at",-1.65229924563659,5.38816338761977,1.3637150653097,0.189185856191207,0.460976318590341,-5.29695926789044,0.00640385964908248
"217706_at",-1.22606071944412,4.42568656945272,-1.36295688290788,0.189420485696572,0.461114789301956,-5.29790428212322,1.21599418963849e-06
"213464_at",-2.46719618694284,7.02595617177566,-1.36040164150244,0.190212949914606,0.461963505498328,-5.30108606158177,0.000252083984790906
"209602_s_at",-2.80965555515506,3.91814731816622,1.34946309408496,0.193635284137412,0.466663966735231,-5.31465208895402,0.00021318244953756
"217236_x_at",-2.78878766603933,4.61340964633318,-1.34881113392373,0.193840799766761,0.466906771289887,-5.31545784998867,0.000247885150993386
"210555_s_at",1.8556873076616,6.36885238806571,-1.34758383244349,0.194228149307921,0.467435560106751,-5.31697382140408,0.0292252732664048
"220998_s_at",1.68161680232029,6.56366367316419,-1.34744083371601,0.194273321246505,0.467493781569748,-5.31715038160362,0.000520846531993999
"215091_s_at",1.22928724796401,8.57862770835279,-1.34002363202547,0.196627815330076,0.47103277884357,-5.32628751276741,0.00711396804849504
"211529_x_at",-1.23729901495464,10.9541183566895,1.33962868286725,0.196753819072071,0.47107181158085,-5.32677289453272,0.00136679936680754
"221778_at",-1.29067428736214,7.04697597737465,1.328013780024,0.200488123396258,0.476097428661094,-5.34099516128242,0.000474603958548261
"64883_at",-1.066043160124,6.8564703185895,1.32194147092731,0.202462623837822,0.47821439972209,-5.34839036040268,0.0178202192345622
"219638_at",-2.30263134484385,4.52529586676875,1.31381211473259,0.205129994948169,0.481757132950049,-5.35824731574955,0.00111331796021222
"206754_s_at",2.25845204604168,6.78274762807709,1.31053460129808,0.206213197589515,0.482977578504011,-5.36220724470386,0.000142698515221298
"215275_at",1.19216541542802,4.96622549636535,1.30590127785806,0.207752160507887,0.484768471598703,-5.36779142143571,0.0360178490123619
"203160_s_at",1.21068216863563,6.30004332576702,1.30587467018041,0.207761024268169,0.484768471598703,-5.36782344262553,0.0385685209627139
"91920_at",-1.80407374472421,7.74434786358756,1.30495191686739,0.208068603029126,0.485181318679155,-5.36893360449668,0.000112330008833806
"208082_x_at",-1.45885590455124,8.5370978445865,1.30356069025844,0.208533012698273,0.485654381475295,-5.37060616532374,1.79429082531129e-05
"215192_at",-1.07762588326921,4.29715918811139,-1.29596648486363,0.211082416674377,0.488776874611653,-5.3797101772323,0.00387101204571416
"201547_at",-1.16160713522837,4.58347478478205,1.28751166759887,0.213949386029259,0.492393624186169,-5.38979427378936,0.00176638727467572
"221647_s_at",-1.01978265126785,8.37103286086449,1.27998987550762,0.21652547120334,0.495287760180938,-5.39871966892294,0.000426663029426262
"221821_s_at",-2.19746926422908,6.72895890449446,1.27481875396507,0.218310476937224,0.497505865984063,-5.40483061214866,0.000234566463689355
"212902_at",-2.51193933477736,4.91123206099193,1.27473102217323,0.218340859389703,0.49751213208879,-5.40493411168941,8.09623288065126e-05
"201240_s_at",-1.12837617822652,9.80040674857798,1.26461094762,0.221867679712655,0.501786950267526,-5.41683331495803,0.000389999556018738
"208904_s_at",1.13451071555538,12.1620565900142,-1.26422218386005,0.222004039894351,0.501970169555131,-5.41728885094251,0.000489014620335617
"211389_x_at",2.14456997781549,5.05860517518628,1.26155372598607,0.222941765957603,0.503069505907166,-5.42041248316632,0.00109988369380843
"217985_s_at",1.43659619068876,5.61867555913259,-1.24294694045651,0.229565929251218,0.511899347751428,-5.44203994371489,0.00673747243080106
"215975_x_at",1.63954447765949,6.07320564999613,1.21735683193513,0.238922626958762,0.523033382822204,-5.47134385067329,3.11680148902366e-05
"202738_s_at",-1.78756385344237,7.01641663988758,1.20631717816872,0.243048074510666,0.527348880349924,-5.48382691705729,0.00456683549476804
"200969_at",1.00147871009903,6.87296758875883,1.20386265017647,0.243972647151634,0.528476960870989,-5.48658929853403,0.00111912707247524
"208341_x_at",-1.45327298807677,5.69336823278466,1.20286159103843,0.244350493968667,0.529038983451774,-5.48771454535301,5.73184063149653e-05
"218768_at",-1.28363927823199,7.29667799899797,-1.19883520840778,0.245874736235091,0.53068837151555,-5.49223241378577,0.00155414476396578
"208493_at",-1.04802543929066,6.47230623530719,1.1956845822608,0.24707247757574,0.532246455019798,-5.49575866521217,0.00963336759934685
"210389_x_at",-1.0886502311863,5.72569396340564,1.18392799635397,0.251580945978337,0.537460232849301,-5.50884727585879,0.00362466412436364
"222060_at",-1.16336067470885,5.64909045699057,-1.18368315236498,0.251675496690398,0.537494574588409,-5.50911869101759,0.0234804225510427
"216462_at",-1.25138323511872,3.93553787548667,1.14206330681005,0.268140151106255,0.555252737139223,-5.55455669072977,0.00218882583736731
"208992_s_at",-3.30122350520467,8.63327139479176,1.13279873754841,0.271912076976486,0.558949890338287,-5.56448091404744,0.000889201290701598
"205917_at",-1.13995845076724,7.50068964204309,-1.10542310190294,0.283287252755682,0.57132999194584,-5.59339682419864,0.0113309479660797
"205552_s_at",-1.42738257614502,4.71268969657006,-1.10203553227049,0.284718822165292,0.572915735232301,-5.5969322933292,0.00060379211424831
"203629_s_at",-1.13191478541785,5.17370124193047,1.09919000537064,0.285925419146252,0.573963934001135,-5.59989475650154,0.0133147883642617
"209835_x_at",-1.11438933000073,8.16934914497411,-1.09523694783641,0.287607852156144,0.576017056407995,-5.60399919184975,0.000811053720079707
"217516_x_at",-1.01614518149798,7.94075948592008,1.09403408972223,0.288121225501349,0.576558381514251,-5.60524555444761,0.000918666734637146
"211580_s_at",-1.13286276855528,5.2524437459586,1.09270668674532,0.288688530651916,0.577195740557797,-5.6066195801946,0.0158545024205192
"219547_at",-1.43581827090784,6.2710183125843,-1.06824258224343,0.299290265663677,0.587744992290151,-5.63168166747047,0.0361533577719408
"201304_at",-1.75448520156166,6.98486032166461,-1.06494909552785,0.300738772761284,0.589027166514871,-5.63501766770446,2.00713128268373e-06
"214743_at",-1.3915001422431,7.23006761779062,-1.06483705997417,0.300788135942822,0.589072071824038,-5.63513099036697,2.93243274388436e-05
"215286_s_at",-1.63406388402402,4.13038185351115,1.05320014888447,0.30594727301404,0.593697037757715,-5.64684448075603,0.0034861236281143
"217204_at",1.44126339185113,3.74086801063549,1.05152460212227,0.306695320421138,0.594011814897611,-5.6485217215675,2.67901453668114e-05
"208495_at",-1.43435461721415,4.27803069478731,-1.04265887651552,0.310675267997386,0.598131760565558,-5.65735720753503,0.000347327890172185
"216479_at",-1.4448207812613,6.52459100023355,1.04217684460659,0.310892712909172,0.598343610446976,-5.6578357026876,0.00370507496859962
"220931_at",1.06078377661271,4.02682780314241,1.04168746114522,0.311113585390692,0.598417874795696,-5.65832129554182,0.0318420022222206
"213650_at",-1.00331427693735,7.07420138114968,1.03802389462324,0.312770618131582,0.599732008656501,-5.66195008378415,0.0253387944899022
"221570_s_at",-1.02801728636521,7.24992216104493,-1.02401206436895,0.319166225804359,0.606358684423099,-5.67572447449013,0.00151044838931157
"209314_s_at",-1.51206041403309,4.23893320795992,-1.02284909292888,0.319701197283585,0.606909335412346,-5.67686028128333,0.000799901863570712
"211628_x_at",-1.30546243193937,11.3127600188243,-1.02234003151323,0.319935567433072,0.607302517174473,-5.67735709173448,0.00114222911411875
"218987_at",-1.15991529564514,6.83305386744722,-1.0133580270704,0.324090880819834,0.612165558812271,-5.68608680443673,0.00608621737774921
"220184_at",-1.49619807296298,5.59331720532604,-1.00592160960389,0.327559872353529,0.615519781798206,-5.69326249338391,0.000394374271438249
"220284_at",-1.22239900542435,5.80649169321712,0.993749343460509,0.333294260774803,0.621846908334938,-5.70490629524971,0.00361800161568397
"212944_at",-1.08109052067875,7.6244069231442,0.990589302087898,0.334794379395379,0.623139254599668,-5.7079084462106,0.00188501738373793
"204474_at",-1.21071225418663,6.66916702971871,0.984029291668067,0.33792354567914,0.626399664617608,-5.71411338426068,0.00107535701824735
"211303_x_at",-1.467036911518,4.58149726167743,0.97982288443705,0.33994070856247,0.62830761245554,-5.7180726897194,0.000430386129271772
"203368_at",2.1910828572717,5.93531433686476,0.977537584236104,0.34104011324444,0.629558184361349,-5.72021737029024,0.00026434122266581
"206663_at",-1.08880263079249,5.31992075346562,0.975082114909854,0.342224128884866,0.630698888755394,-5.72251674459419,0.000368840314083815
"205195_at",-1.47379322856898,5.47906356644319,0.974163258074627,0.342667928905739,0.631151385336963,-5.7233758556095,0.000330434249737164
"206746_at",-1.38326345388988,5.07409073817253,-0.971915769835369,0.343755125955456,0.632108092220744,-5.72547414470654,0.0161079421344298
"210221_at",1.3749755885967,5.71336032024059,0.971398801396721,0.344005540881196,0.632152026014818,-5.72595617886685,0.00886877988937567
"208390_s_at",-2.51727801714455,7.80622177347741,0.956739412183582,0.351158936503784,0.638730891415013,-5.73952897114542,0.000640963959228326
"217180_at",-1.03881054416543,6.03278263858473,0.954002465188429,0.352505735931627,0.640027573745385,-5.74204246553744,0.000184257611732591
"202456_s_at",-1.39223968750232,5.60004330988848,-0.948288348935567,0.355328946458795,0.641958174349712,-5.74726913701984,0.00010500715062455
"214345_at",-1.70456787801861,5.35739376486465,0.942543893632787,0.358182689882056,0.644960394233685,-5.75249499087757,9.12214170567477e-05
"207708_at",-1.14106640594653,6.32459791821872,0.942419957081668,0.358244431098801,0.64498353870165,-5.75260742255219,0.00119907755124578
"207359_at",-1.17276254541529,5.31874586662817,-0.941942628376517,0.358482288725439,0.645129631314886,-5.7530403166224,0.000566416182671942
"203055_s_at",-1.14096698109973,7.00392904338664,0.938809259613412,0.360046348797005,0.646383563506579,-5.75587707769552,0.0045059438519992
"204185_x_at",-1.22323542021106,7.31933618688393,0.938544515839417,0.360178711364272,0.646464939615793,-5.75611636904978,0.00319234411413876
"204989_s_at",-2.66133852597681,5.47561333942353,-0.935254936106692,0.36182614595589,0.647544133831427,-5.75908459708047,0.000416691985006478
"209351_at",-1.4637576744777,4.51646311882963,-0.935183537072546,0.361861959530759,0.647556219420487,-5.75914891675258,9.03078392521127e-05
"206970_at",-2.15222741240926,6.67167058454949,0.934738397130187,0.362085294882599,0.647841079379868,-5.75954981993176,0.000435739894713937
"209697_at",1.04793557715691,4.68145088385626,-0.933025233877451,0.36294569505135,0.648662088773599,-5.76109112185505,0.0024226222747103
"200990_at",-1.0248039641072,8.47207726697933,0.92818289449531,0.365385151448457,0.650621490308931,-5.76543383768137,0.00129871721984162
"219507_at",-1.16020980646008,5.10936039422523,-0.911916757347817,0.373660669208403,0.658727462279942,-5.77987151010024,0.0103784360129644
"215134_at",-1.0710933819905,5.4410374960591,0.909090358070307,0.375111348174104,0.659632292639827,-5.78235653802479,0.00428213152727871
"219612_s_at",-1.03448656182486,4.46591990616425,0.905909382101955,0.376748521746523,0.661121198679499,-5.78514492008382,0.00013531476613559
"214220_s_at",-1.25896734607651,5.29733148597025,0.905867701134803,0.376770005617507,0.661121198679499,-5.78518139775371,0.000117020999628847
"213507_s_at",1.13488174313131,9.54561490229035,0.893752042967607,0.383049547933831,0.666505583335156,-5.79571971724114,0.0322212753909686
"215755_at",-1.16020099925783,4.97869390566591,0.891316450717128,0.384320258570137,0.667379077440645,-5.79782258903174,0.000508067740758395
"214563_at",1.79349054002081,6.41000487086757,0.884973907303013,0.387642421940242,0.67023596283285,-5.80327408626375,0.000120418551606777
"219315_s_at",-1.11802936581725,7.54974895169604,0.877254033214357,0.391711535123916,0.674150164166171,-5.80986135832567,0.00467508079532321
"211325_x_at",1.20788690660146,6.61093924207488,-0.877061268530059,0.391813498846221,0.674243585975005,-5.810025165836,0.000178511812098238
"215498_s_at",1.40604763659475,7.04294782399195,-0.870186632083722,0.395461271016909,0.677382081794894,-5.81584552153499,0.0122338213087184
"206623_at",1.41351461092654,5.17061962006063,0.869299297705363,0.395933718039364,0.67777452862189,-5.81659371583324,0.00440979404850705
"212036_s_at",2.93630515946532,7.88904500289639,0.866546535444121,0.39740173164343,0.678879391767138,-5.81891036939412,0.00194266069951681
"202014_at",1.24752354081986,6.08713468395065,0.861442276051663,0.400133166681212,0.681299560873954,-5.82318812941228,0.00156412788534062
"210277_at",-1.113963015762,4.13829004483292,-0.857320546143984,0.402347726028174,0.683034769090796,-5.82662550669711,0.0121525475335146
"222075_s_at",-3.3892863360301,4.60421120856004,-0.854973099561233,0.403612535816663,0.684203807600017,-5.82857641860075,8.06927441154962e-05
"214262_at",-3.07137492650092,5.012259037953,-0.854959710522816,0.403619757254509,0.684203807600017,-5.82858753182769,0.000271592021876094
"217502_at",-1.3841407539289,7.17851485844692,-0.850485130556067,0.406037836052695,0.686469529612,-5.83229257021386,0.0107153246593758
"207262_at",-1.06615106037609,3.77334792152594,0.849183189759861,0.406743166644951,0.686757850504831,-5.83336724049476,0.000216116297669124
"220428_at",-1.54860414444158,5.19472647516329,0.840960609308794,0.41121605491101,0.689754555801688,-5.8401194091599,6.77839973029744e-06
"213953_at",1.01925953491954,4.50944964374006,0.839655682975159,0.411928803124104,0.690462578607974,-5.84118540996637,0.00580117399159557
"201271_s_at",1.23152328458537,6.95519572016518,0.839024166104104,0.412274021349883,0.690850165933498,-5.84170075076796,0.000763678816118541
"201531_at",-1.42363590274804,9.49846570676867,-0.837659658489215,0.413020562862284,0.691351224468851,-5.84281301684118,0.00143392549280263
"204110_at",-2.20973764254131,4.78870785014978,0.832367158862275,0.415924366667772,0.693948840758281,-5.84711133269584,0.000107420324910618
"213265_at",-1.59864455223804,6.34083160291637,-0.825849406199102,0.419518321861886,0.697309172463703,-5.85237013928681,0.00759791348968857
"206807_s_at",-1.00334397996106,6.94630286804948,0.82157479606153,0.42188609687399,0.698950772984618,-5.85579831240973,0.00122876195122551
"211111_at",-2.06687873871749,4.8208805193108,-0.805928590534371,0.430624961376011,0.704213710138092,-5.86820567365049,0.000128275223137993
"211266_s_at",1.28392544937737,5.89483178322473,-0.799741258525361,0.43411196648571,0.706745730030238,-5.87305108452038,0.007625770914968
"215466_at",-1.28135604574637,5.74173585328971,0.788318770130368,0.440595636836495,0.711777954245404,-5.88190497095276,0.00903214594944494
"202867_s_at",-1.68117267127344,7.05026983433645,0.779367774260481,0.445718251424486,0.715264472712142,-5.88876019203259,0.000633841176005898
"207051_at",1.63216765900086,6.32653295841774,0.777616289121748,0.446724905035996,0.715734715285516,-5.89009304409618,0.00259341554717008
"212157_at",-1.75382529965121,7.16270572771117,0.763433678227151,0.454927761294531,0.721742296840589,-5.90078257107991,0.00259734783640279
"202742_s_at",-3.09230726825045,6.13983739588082,-0.762421268891824,0.455516810117432,0.722246768094338,-5.90153859432217,0.000360312032940501
"220845_at",-1.03590619860717,3.64939437909005,-0.7540154044897,0.460425518942711,0.7261935049972,-5.90777944308299,0.00972767719856452
"218016_s_at",-1.2125280117154,6.64724237702282,0.751652620519165,0.461811049754483,0.727477650480052,-5.90952199467072,0.000538264154791215
"207235_s_at",-1.35501008640308,5.05888088088116,0.723179983242722,0.478704600261532,0.739580850560058,-5.93011640581341,0.00777006487128589
"218047_at",-1.73614729379872,8.30296966690475,0.715128543677861,0.483547350684462,0.743343268788296,-5.93580425123711,0.00367263235248144
"209555_s_at",-1.56928002224997,7.31854875072163,-0.708822996567874,0.487360028975665,0.746346924842262,-5.94021677769699,0.0194812715194625
"210530_s_at",-1.34210040565011,5.78601913722717,0.706861750128764,0.488549483370971,0.747297981829359,-5.94158170469768,0.000170846542138489
"206371_at",1.04598160526536,5.01770768715295,-0.702110467343508,0.491438054682683,0.748836573242393,-5.94487353886746,0.00014667764076366
"203290_at",-1.05190760235519,6.05757191892594,-0.698135948760357,0.493862003084796,0.74974590828236,-5.94761108320125,0.000197984201182213
"204842_x_at",-1.58775132203214,8.90970720008176,-0.690271117694042,0.498678920157215,0.753206966573796,-5.95298482528219,0.00739009824042799
"206039_at",-1.47047237523384,5.0870947919779,0.689904444719668,0.498904152451704,0.753391910879084,-5.95323395263349,2.45140148812059e-05
"217428_s_at",-2.56591813611864,3.92198790325258,-0.689431432032425,0.49919479142189,0.753512434880918,-5.95355514480424,0.000617158725809452
"204895_x_at",-1.00044665109122,5.04327842401469,-0.683085471219605,0.503103428395352,0.756446912022527,-5.95784408505848,0.0284484116581134
"217479_at",-2.10961140385185,4.2571008055517,-0.598084333525876,0.557108324394551,0.791021594666203,-6.01164461693962,0.000218843958937842
"57082_at",-1.17176752697144,6.34253981540018,0.597557159478916,0.557452605524138,0.791034811566252,-6.01195696167817,7.12358592504181e-05
"217334_at",-1.06825744403315,4.40349723687671,0.597297358195411,0.5576223150172,0.791181028050192,-6.01211079375958,0.00161857584438886
"217229_at",1.82959329342374,3.81293771109298,0.59248964597918,0.560767757244423,0.793370662519205,-6.01494591321746,0.0423197536143122
"210965_x_at",-1.01503823688669,4.06773981164284,-0.585402700959987,0.565421303986613,0.796767401298533,-6.01908494602597,0.00928538379328275
"211191_at",-1.70127280507802,4.73013838508079,0.58299313787307,0.567008081134915,0.797270713484047,-6.02048130749917,1.20493423030459e-05
"219753_at",1.04116059459029,4.91659536520164,0.548139192026485,0.590215881477699,0.811287427485508,-6.04005837412503,0.049640882323535
"217413_s_at",-2.85045092293348,5.5290149959793,-0.53236091940397,0.600875912521116,0.816820275665448,-6.04853752745332,0.000345018787639467
"208199_s_at",-1.25663436571572,4.09876610518078,0.532049825457881,0.601087037145708,0.817057429922394,-6.04870229828932,2.01223969124933e-05
"205617_at",1.00733714537605,4.7777970009197,0.527652072262317,0.604075458880631,0.81832412002171,-6.05102158703417,0.00912437467832776
"200620_at",1.06466028358617,9.92430602488334,-0.519049705951472,0.609941871496369,0.822122835867021,-6.05550436692477,0.0477544099964786
"212601_at",-1.12559713248495,7.07448456712724,-0.496408812670621,0.62551149894035,0.830697462952967,-6.06696086371427,0.0119467205201523
"207127_s_at",-1.19056777885232,7.27194254192939,0.486370627887476,0.632473490992891,0.83438588579051,-6.07188134560432,0.00221023610721926
"207521_s_at",1.90410494615667,5.42662620204582,-0.465824003776788,0.646833665121862,0.842434291345836,-6.08164745325381,0.00238302428346903
"217195_at",1.22293281094101,5.32570673519893,-0.465300747179783,0.647201272691775,0.842529997043338,-6.08189079830657,0.00249898211512188
"211956_s_at",-1.15846571117616,11.7582282993878,-0.464829144071368,0.647532671670337,0.842678259587523,-6.08210989281845,0.000166764739294453
"207526_s_at",-1.83951476582642,5.35093022290355,0.46404568471284,0.648083381708622,0.842939644794141,-6.08247338840536,0.00149468599266589
"202053_s_at",-1.00929801878786,7.70975422147822,-0.451699470123218,0.656789184564917,0.847829533058745,-6.08812250904652,0.022979092757735
"212555_at",-1.95364722964335,6.81141965364971,-0.445677151046987,0.661054252759563,0.849883560653468,-6.09082407128833,5.4044006960991e-05
"220673_s_at",-2.98876392396849,4.42664186258691,-0.445640940489533,0.661079933744422,0.849883560653468,-6.09084020784281,7.41242602231192e-05
"219771_at",1.03630768576008,5.45889396662271,-0.444280166539687,0.662045324996541,0.850250920408256,-6.09144568192773,0.00974951075418284
"209588_at",1.13686917058483,6.51424888205072,-0.443079743282416,0.66289746235354,0.850488386115787,-6.09197830512843,0.00651779817762591
"210348_at",-2.97010805475947,4.93547151026382,0.43567078068746,0.66816725055949,0.853118061896748,-6.09523443299481,0.000266214397816768
"213395_at",1.14569928219349,5.02038379549595,0.434406289479027,0.669068431068939,0.853815631858516,-6.09578479063901,0.001561073586131
"205966_at",1.18136863203853,3.6602625079445,-0.427309545019773,0.674135712333968,0.85589231826892,-6.0988445192979,0.00249227063796339
"202119_s_at",-1.20106906042,8.44893793343367,-0.423239357972719,0.677049209158085,0.857344293213025,-6.10057708784824,0.00326122390962292
"37020_at",2.21202187825343,4.01162376134719,0.414590821082275,0.683257320652523,0.860803012161484,-6.10420457910731,0.000481439102482247
"217278_x_at",1.29525901207469,4.16434261035111,-0.412000310990607,0.685121398804682,0.861787193314407,-6.10527683537724,0.00344866905875758
"203502_at",-1.65599617318937,4.50953226331151,0.411805035366314,0.68526199959443,0.861806383933646,-6.10535739610334,0.000811677839231217
"201516_at",-1.06545131427647,7.12345321707433,-0.40120719751371,0.692910169545673,0.866297463303432,-6.10967330723008,0.00191773860218527
"221721_s_at",-1.56622072597892,4.16358354341138,-0.400586578894212,0.693359116225166,0.86632954955957,-6.10992262725751,0.0187872102376942
"207242_s_at",-1.38235414249763,4.11358318526592,0.398243487665342,0.695055125859105,0.866990224446845,-6.11086049649218,0.00525704846223572
"218291_at",1.00683982839385,6.93279221491352,0.394760906510132,0.697578993788068,0.868493346133425,-6.11224448426827,0.0193445073684299
"216167_at",-1.18483638371929,3.91362321770175,-0.3916785039537,0.699815877471375,0.869974408070125,-6.11345947659761,0.00853125030376427
"53912_at",-1.15345225956144,6.45847737292516,0.386417796498663,0.703640063622505,0.87217925854197,-6.11551147126333,0.000569068678355374
"206252_s_at",-1.63610499841707,4.76079548403732,-0.384672463602271,0.704910608083014,0.87312524068448,-6.11618623049376,0.000803985522922933
"206850_at",-1.55167441188898,6.20668342698099,-0.382138358179797,0.706756940904054,0.873954632168672,-6.11716058846431,0.013785570527201
"203767_s_at",-1.13324792200963,4.76366882976997,-0.381077065491456,0.707530748541639,0.874329396059967,-6.11756677139444,0.00356288272816995
"211460_at",1.03874391285501,4.67782887746205,0.376885038873737,0.710590425197924,0.876232441897323,-6.11916029952436,0.000292083357549543
"203208_s_at",-1.03764964439014,6.35654359358943,0.374381829211949,0.712419885310795,0.877304544492019,-6.12010358174005,0.0157451758929288
"211897_s_at",-1.6676328481362,5.05068534517254,0.374373143945711,0.712426236031683,0.877304544492019,-6.12010684383173,0.00530805721408316
"216786_at",1.14847476896574,3.93762298807503,0.370934937227831,0.714941967564252,0.878857608166504,-6.1213923453849,0.00191040757643916
"206526_at",1.37003681243187,4.51068141984811,-0.363564372181571,0.720346291125514,0.880871628771816,-6.12410875167668,0.00752319220564624
"211086_x_at",1.27281747704807,4.70039571796505,0.363520083900206,0.720378810802192,0.880871628771816,-6.12412491173767,0.000339592592849515
"221239_s_at",-1.63315295894056,4.91982635698938,-0.360344832604332,0.722711736276431,0.881683920817295,-6.12527845400353,0.00567086292921687
"204743_at",-1.17943506364457,6.71839268022083,0.356446669032193,0.725579623336141,0.883530928970994,-6.12668098745582,0.000115443223708371
"203771_s_at",1.14529799535311,5.1921886891785,0.353760091134015,0.727558577764259,0.884742952514139,-6.1276388478622,0.000231043571648574
"218378_s_at",-1.1984658045799,6.88366559410845,-0.344592847526985,0.734326001289556,0.888664871923922,-6.13085349747099,0.00519254861424807
"211942_x_at",-1.4328504270545,11.9460707792852,-0.343278714944842,0.735297968287657,0.88932534013207,-6.13130749768945,0.0013145423313619
"207562_at",-2.58867203648868,5.77963637237348,-0.340612601359361,0.737271306333194,0.890381058696409,-6.13222331473151,0.000461475671350207
"219228_at",1.56332622607507,7.46645444796367,-0.338630992404579,0.738739222576083,0.89077114986714,-6.13289943721371,0.000759779280490119
"210090_at",-1.1820539849375,5.42494382246408,-0.336567710034093,0.740268737377869,0.891597965646025,-6.13359928847075,0.0017356852357539
"215739_s_at",-1.05182518074553,4.16980120721411,0.334532949010612,0.741778199959692,0.892063448092278,-6.13428533000354,0.000539029000696213
"208530_s_at",-1.41479352255159,5.76110839564512,-0.330337637116096,0.74489383513928,0.893495684362845,-6.13568685774475,0.000166859454570062
"202038_at",-1.01016913079326,8.35531758175917,0.327195668840508,0.74723017743332,0.894851471410217,-6.13672505402846,0.000325738461271039
"202823_at",-1.56317602943319,3.80265675826629,-0.321649786579283,0.751360186326606,0.897232505261656,-6.13853364919467,0.00148926437097481
"208372_s_at",1.47151243643489,5.55637181366734,-0.320103569195705,0.752513035322225,0.897580239732487,-6.13903244697664,0.00476748080474837
"201759_at",-1.55953655860046,6.10948058916094,-0.315587524006114,0.755883585207691,0.899021884514219,-6.14047568397529,0.00904927014142499
"65438_at",-1.36697355451261,3.92661965816698,-0.310160897816449,0.759940411397924,0.900697365869416,-6.14218310204357,0.000125759957326484
"214704_at",1.28822490338673,5.98217809775048,0.303057914069771,0.765261262156642,0.903445311103475,-6.14437369507356,0.000187587289183758
"221892_at",-1.80422110734176,7.25782157160394,-0.298402249269298,0.768755368066234,0.905062960777479,-6.14578227628738,1.00517551910078e-05
"217355_at",1.13300574937463,4.7130795648192,-0.297091688443309,0.769739874909488,0.905312513592274,-6.14617489576406,0.00589572853354151
"205510_s_at",-1.64383175883301,6.07628898687712,0.295512666897652,0.770926586560637,0.905500659004251,-6.14664566849127,0.00192077607832242
"214809_at",-1.03765574617026,4.35599203350118,0.288677074425235,0.776070537337217,0.907635531595297,-6.14865498828246,0.000189104439962474
"219870_at",-1.89855704517099,6.32970956130352,0.281074192163544,0.78180441289593,0.910031198379789,-6.15083513066729,9.14458251965633e-06
"214211_at",-1.96776716108616,9.02463242271761,0.281048362097706,0.781823915324774,0.910031198379789,-6.15084243921765,0.00502400037349508
"202980_s_at",1.18797994799113,4.76106158833135,0.275744462429738,0.785831640819357,0.911282831211912,-6.15232905977831,0.000600148798755672
"216990_at",-1.32477531430973,4.05858069978548,-0.25843320605111,0.79895464671309,0.917518646876043,-6.15698573073697,0.00175162555223611
"217141_at",1.41593442976137,4.15483661418845,0.252801014842817,0.803237713782624,0.91947734389285,-6.15843619721148,0.00236005036396067
"202294_at",1.23850734144568,7.34193457038861,-0.248366037387019,0.806614865574904,0.921186135411106,-6.15955601428981,3.37746387773454e-06
"210303_at",-1.07339858507206,4.10961602903757,0.245757323521024,0.80860318357825,0.922397089161163,-6.16020551286195,0.000171903867684543
"211319_at",1.39579148933197,4.26779738367225,-0.242987844798828,0.810715500378954,0.923577377042138,-6.16088758356475,0.0147134423989713
"208963_x_at",-1.33524943360629,6.22768959146489,-0.23670332624495,0.815514302649625,0.925259939202729,-6.16240685853126,0.00114401716167191
"202250_s_at",-1.19183008846467,6.39995202107206,0.191194449278933,0.850476922758366,0.94143383423824,-6.17222695326697,0.000166800052648734
"216508_x_at",-1.71803874452637,8.76160316333402,0.16940364924066,0.867336288377817,0.948149452182651,-6.17619258873186,0.00042319261681019
"218153_at",-1.13768550437778,7.29704300660484,0.16815094625089,0.868307568183501,0.948660353646845,-6.1764060457162,0.0425242938492646
"207214_at",1.00133173413867,6.1817348270069,0.161454787106622,0.873503032479413,0.951463394555429,-6.17752026629025,0.0299539505061684
"219668_at",-1.15606532100733,5.34520182720006,-0.145697483611167,0.885751849086732,0.956306432152704,-6.17996410847307,0.00135939040441972
"208861_s_at",-1.88395520474118,7.86692087614723,-0.12402041004419,0.902650173063053,0.962749081292552,-6.18291721908239,3.27435245147308e-05
"207144_s_at",-1.32696868457327,6.63948693936029,-0.118142833438309,0.907240632833511,0.965150530957181,-6.18363627967677,0.0199227361935216
"205491_s_at",-2.31244006346659,4.96606237157878,0.113061456764187,0.911211964958986,0.966330488063063,-6.18422984468953,0.00114503472591504
"210687_at",-1.71369341239197,4.63046414333548,0.111546816531584,0.912396196858545,0.966833774867818,-6.18440173244591,0.000725280972002908
"208185_x_at",-2.32135110980336,6.72535802352616,-0.111206650289699,0.912662187276912,0.966879329132532,-6.18444001761069,0.00107175574838083
"201561_s_at",-1.25021258374614,8.4992339879192,-0.104386487535248,0.917997356788648,0.969116307146156,-6.18518297444744,0.00159897429490849
"221017_s_at",-1.59956549609696,5.08519919455528,0.104365159854241,0.918014047087065,0.969116307146156,-6.18518522415286,0.0018447251430165
"208911_s_at",-1.23726642300546,7.49815148583247,0.0998166992535162,0.921574395367335,0.970690501361897,-6.1856545183784,0.0018437720637664
"210092_at",-1.64745348877095,7.0138758843019,0.0997860068346949,0.921598426008025,0.970690501361897,-6.18565761417696,0.00105157770689742
"217348_x_at",-1.42384386716909,6.70622289104112,-0.0923188609793627,0.927447079234518,0.973355129343458,-6.18638252725061,0.0110218146941842
"222220_s_at",-1.07106986048428,6.32629061500488,-0.0894802390803674,0.929671567865962,0.974405999377104,-6.1866433324667,0.000189636299394937
"218860_at",-2.07382100191606,6.05137719359436,-0.077564093012664,0.939015947618976,0.977586502432642,-6.1876493730215,8.27800112687468e-05
"210770_s_at",2.05384149749284,4.4731852462725,-0.057000008736707,0.955162483819428,0.983543698102972,-6.18904813954933,0.00745780089236012
"218542_at",1.9231549811678,4.19391909491882,0.0481219697736038,0.962139946161159,0.985882373019021,-6.18951994492294,0.00934246265276584
"206971_at",1.19914283733735,5.7261648035657,0.0377739091978039,0.970276661201303,0.988665636092099,-6.18996931700853,5.02393363428259e-05
"206061_s_at",2.50808548087279,7.33632207416101,0.0374935374599395,0.970497169263448,0.988665636092099,-6.18997998610027,0.0043237343133902
"210025_s_at",-1.38897709167613,5.46287169977046,0.0369030053261822,0.970961621683661,0.988665636092099,-6.19000219786804,0.00403170465272435
"209051_s_at",1.44470068575791,7.37477121783502,0.0328389442840804,0.974158278522515,0.989929264881303,-6.19014549753544,0.000714965466672524
